局号,随机种子,艺术家,第1季,第2季,第3季,第4季
1,2026091800,林序,20,10,0,10
1,2026091800,蓝汐,30,30,10,0
1,2026091800,莫野,0,0,20,30
1,2026091800,叶织,10,0,30,20
1,2026091800,纪空,0,20,0,0
2,2026091801,林序,20,20,0,0
2,2026091801,蓝汐,10,30,20,0
2,2026091801,莫野,0,0,0,20
2,2026091801,叶织,30,10,10,10
2,2026091801,纪空,0,0,30,30
3,2026091802,林序,0,20,0,20
3,2026091802,蓝汐,0,30,20,10
3,2026091802,莫野,30,0,10,0
3,2026091802,叶织,20,10,30,0
3,2026091802,纪空,10,0,0,30
4,2026091803,林序,0,0,0,0
4,2026091803,蓝汐,10,0,10,20
4,2026091803,莫野,30,30,0,10
4,2026091803,叶织,20,10,20,0
4,2026091803,纪空,0,20,30,30
5,2026091804,林序,20,20,10,0
5,2026091804,蓝汐,10,0,30,0
5,2026091804,莫野,0,30,20,20
5,2026091804,叶织,30,10,0,30
5,2026091804,纪空,0,0,0,0
6,2026091805,林序,0,0,0,0
6,2026091805,蓝汐,20,20,20,0
6,2026091805,莫野,0,30,30,0
6,2026091805,叶织,30,10,10,0
6,2026091805,纪空,10,0,0,30
7,2026091806,林序,20,30,0,10
7,2026091806,蓝汐,0,0,0,30
7,2026091806,莫野,0,20,30,20
7,2026091806,叶织,10,0,20,0
7,2026091806,纪空,30,10,10,0
8,2026091807,林序,0,0,0,10
8,2026091807,蓝汐,20,20,20,0
8,2026091807,莫野,0,0,0,30
8,2026091807,叶织,10,30,30,0
8,2026091807,纪空,30,10,10,20
9,2026091808,林序,20,20,0,20
9,2026091808,蓝汐,10,30,30,0
9,2026091808,莫野,30,10,10,10
9,2026091808,叶织,0,0,0,0
9,2026091808,纪空,0,0,20,30
10,2026091809,林序,0,30,20,0
10,2026091809,蓝汐,10,0,0,20
10,2026091809,莫野,0,20,30,10
10,2026091809,叶织,20,10,0,30
10,2026091809,纪空,30,0,10,0
11,2026091810,林序,0,0,0,20
11,2026091810,蓝汐,0,0,0,10
11,2026091810,莫野,30,20,20,0
11,2026091810,叶织,20,10,10,0
11,2026091810,纪空,0,30,30,30
12,2026091811,林序,0,0,0,0
12,2026091811,蓝汐,0,20,30,20
12,2026091811,莫野,10,0,20,30
12,2026091811,叶织,30,10,0,10
12,2026091811,纪空,20,30,10,0
13,2026091812,林序,0,0,0,20
13,2026091812,蓝汐,20,10,10,10
13,2026091812,莫野,0,0,0,30
13,2026091812,叶织,30,20,30,0
13,2026091812,纪空,10,30,20,0
14,2026091813,林序,20,20,20,0
14,2026091813,蓝汐,10,30,10,20
14,2026091813,莫野,0,0,0,10
14,2026091813,叶织,0,0,30,30
14,2026091813,纪空,30,10,0,0
15,2026091814,林序,30,0,20,10
15,2026091814,蓝汐,0,10,0,0
15,2026091814,莫野,0,0,0,30
15,2026091814,叶织,20,20,10,0
15,2026091814,纪空,0,30,30,20
16,2026091815,林序,30,20,10,0
16,2026091815,蓝汐,20,10,0,20
16,2026091815,莫野,0,30,30,10
16,2026091815,叶织,0,0,20,30
16,2026091815,纪空,10,0,0,0
17,2026091816,林序,20,0,0,0
17,2026091816,蓝汐,10,10,0,30
17,2026091816,莫野,0,30,30,20
17,2026091816,叶织,30,20,20,0
17,2026091816,纪空,0,0,10,10
18,2026091817,林序,10,20,20,0
18,2026091817,蓝汐,0,10,0,20
18,2026091817,莫野,0,0,0,30
18,2026091817,叶织,30,0,30,10
18,2026091817,纪空,20,30,10,0
19,2026091818,林序,0,10,0,20
19,2026091818,蓝汐,0,0,20,10
19,2026091818,莫野,0,0,0,30
19,2026091818,叶织,20,20,30,0
19,2026091818,纪空,30,30,10,0
20,2026091819,林序,0,0,0,0
20,2026091819,蓝汐,30,20,20,20
20,2026091819,莫野,20,0,0,10
20,2026091819,叶织,10,30,10,0
20,2026091819,纪空,0,10,30,30
21,2026091820,林序,20,30,10,0
21,2026091820,蓝汐,10,0,0,10
21,2026091820,莫野,0,0,0,30
21,2026091820,叶织,0,0,20,20
21,2026091820,纪空,30,20,30,0
22,2026091821,林序,0,0,0,30
22,2026091821,蓝汐,0,0,20,20
22,2026091821,莫野,20,30,0,10
22,2026091821,叶织,30,20,30,0
22,2026091821,纪空,10,10,10,0
23,2026091822,林序,10,30,0,10
23,2026091822,蓝汐,30,20,20,0
23,2026091822,莫野,20,10,0,0
23,2026091822,叶织,0,0,10,30
23,2026091822,纪空,0,0,30,20
24,2026091823,林序,0,0,0,20
24,2026091823,蓝汐,20,20,10,0
24,2026091823,莫野,0,0,0,30
24,2026091823,叶织,10,30,20,0
24,2026091823,纪空,30,10,30,10
25,2026091824,林序,20,10,0,20
25,2026091824,蓝汐,10,0,20,10
25,2026091824,莫野,0,20,30,0
25,2026091824,叶织,0,0,0,30
25,2026091824,纪空,30,30,10,0
26,2026091825,林序,0,30,0,30
26,2026091825,蓝汐,30,10,30,0
26,2026091825,莫野,20,20,20,10
26,2026091825,叶织,10,0,10,20
26,2026091825,纪空,0,0,0,0
27,2026091826,林序,30,20,0,0
27,2026091826,蓝汐,0,0,0,0
27,2026091826,莫野,0,0,30,30
27,2026091826,叶织,20,30,20,20
27,2026091826,纪空,0,10,10,0
28,2026091827,林序,10,20,0,0
28,2026091827,蓝汐,0,0,0,30
28,2026091827,莫野,30,0,20,20
28,2026091827,叶织,20,10,30,0
28,2026091827,纪空,0,30,10,10
29,2026091828,林序,0,0,0,0
29,2026091828,蓝汐,0,10,30,20
29,2026091828,莫野,20,20,20,0
29,2026091828,叶织,30,30,10,0
29,2026091828,纪空,0,0,0,30
30,2026091829,林序,0,30,0,0
30,2026091829,蓝汐,20,0,20,0
30,2026091829,莫野,30,20,0,20
30,2026091829,叶织,10,10,30,10
30,2026091829,纪空,0,0,10,30
31,2026091830,林序,30,20,0,0
31,2026091830,蓝汐,0,10,0,20
31,2026091830,莫野,10,30,20,0
31,2026091830,叶织,0,0,10,30
31,2026091830,纪空,20,0,30,10
32,2026091831,林序,10,20,0,0
32,2026091831,蓝汐,0,0,0,30
32,2026091831,莫野,20,10,10,10
32,2026091831,叶织,30,30,30,0
32,2026091831,纪空,0,0,20,20
33,2026091832,林序,0,0,0,30
33,2026091832,蓝汐,0,0,0,10
33,2026091832,莫野,20,30,20,0
33,2026091832,叶织,30,20,10,0
33,2026091832,纪空,10,10,30,20
34,2026091833,林序,20,0,20,10
34,2026091833,蓝汐,30,30,0,0
34,2026091833,莫野,0,10,0,30
34,2026091833,叶织,10,20,30,0
34,2026091833,纪空,0,0,10,20
35,2026091834,林序,0,0,10,0
35,2026091834,蓝汐,0,0,0,0
35,2026091834,莫野,10,20,0,0
35,2026091834,叶织,20,30,30,0
35,2026091834,纪空,30,10,20,30
36,2026091835,林序,0,0,0,20
36,2026091835,蓝汐,10,0,20,10
36,2026091835,莫野,30,20,30,0
36,2026091835,叶织,0,30,0,30
36,2026091835,纪空,20,10,10,0
37,2026091836,林序,20,0,20,20
37,2026091836,蓝汐,0,30,30,10
37,2026091836,莫野,0,10,0,30
37,2026091836,叶织,30,20,10,0
37,2026091836,纪空,0,0,0,0
38,2026091837,林序,20,20,0,0
38,2026091837,蓝汐,10,0,30,0
38,2026091837,莫野,30,0,20,20
38,2026091837,叶织,0,30,10,10
38,2026091837,纪空,0,10,0,30
39,2026091838,林序,30,10,0,20
39,2026091838,蓝汐,0,0,0,30
39,2026091838,莫野,20,20,10,0
39,2026091838,叶织,0,30,20,10
39,2026091838,纪空,10,0,30,0
40,2026091839,林序,10,10,0,20
40,2026091839,蓝汐,0,0,0,30
40,2026091839,莫野,0,0,30,10
40,2026091839,叶织,30,20,10,0
40,2026091839,纪空,20,30,20,0
41,2026091840,林序,0,0,0,10
41,2026091840,蓝汐,20,10,20,20
41,2026091840,莫野,0,0,0,30
41,2026091840,叶织,30,20,30,0
41,2026091840,纪空,10,30,10,0
42,2026091841,林序,30,20,0,0
42,2026091841,蓝汐,20,30,20,0
42,2026091841,莫野,0,0,30,30
42,2026091841,叶织,0,10,0,0
42,2026091841,纪空,10,0,10,20
43,2026091842,林序,0,30,20,20
43,2026091842,蓝汐,20,20,30,0
43,2026091842,莫野,0,0,0,10
43,2026091842,叶织,10,0,0,30
43,2026091842,纪空,30,10,10,0
44,2026091843,林序,10,0,20,0
44,2026091843,蓝汐,0,0,30,30
44,2026091843,莫野,30,30,0,20
44,2026091843,叶织,20,20,10,0
44,2026091843,纪空,0,0,0,0
45,2026091844,林序,10,0,10,0
45,2026091844,蓝汐,20,0,0,0
45,2026091844,莫野,0,30,0,30
45,2026091844,叶织,30,20,20,20
45,2026091844,纪空,0,10,30,0
46,2026091845,林序,10,20,0,20
46,2026091845,蓝汐,0,0,20,10
46,2026091845,莫野,0,0,0,30
46,2026091845,叶织,30,30,30,0
46,2026091845,纪空,20,10,10,0
47,2026091846,林序,10,20,10,0
47,2026091846,蓝汐,0,10,20,0
47,2026091846,莫野,30,30,0,20
47,2026091846,叶织,0,0,0,10
47,2026091846,纪空,20,0,30,30
48,2026091847,林序,0,20,0,20
48,2026091847,蓝汐,20,0,20,0
48,2026091847,莫野,0,0,0,30
48,2026091847,叶织,30,10,30,0
48,2026091847,纪空,0,30,10,10
49,2026091848,林序,10,10,0,20
49,2026091848,蓝汐,30,20,20,0
49,2026091848,莫野,0,0,0,0
49,2026091848,叶织,0,0,10,30
49,2026091848,纪空,20,30,30,10
50,2026091849,林序,0,0,0,30
50,2026091849,蓝汐,10,0,30,20
50,2026091849,莫野,30,20,20,0
50,2026091849,叶织,20,10,0,10
50,2026091849,纪空,0,30,10,0
51,2026091850,林序,10,30,20,0
51,2026091850,蓝汐,0,0,0,20
51,2026091850,莫野,0,0,10,30
51,2026091850,叶织,30,20,0,0
51,2026091850,纪空,20,10,30,10
52,2026091851,林序,0,0,30,20
52,2026091851,蓝汐,10,10,0,0
52,2026091851,莫野,30,20,0,10
52,2026091851,叶织,20,30,20,0
52,2026091851,纪空,0,0,10,30
53,2026091852,林序,30,30,0,0
53,2026091852,蓝汐,20,20,0,20
53,2026091852,莫野,10,0,20,10
53,2026091852,叶织,0,10,30,30
53,2026091852,纪空,0,0,10,0
54,2026091853,林序,20,10,20,10
54,2026091853,蓝汐,0,30,10,20
54,2026091853,莫野,0,0,0,30
54,2026091853,叶织,30,20,30,0
54,2026091853,纪空,10,0,0,0
55,2026091854,林序,10,0,10,20
55,2026091854,蓝汐,0,20,20,10
55,2026091854,莫野,0,0,0,30
55,2026091854,叶织,30,30,30,0
55,2026091854,纪空,20,10,0,0
56,2026091855,林序,30,10,10,0
56,2026091855,蓝汐,0,0,0,20
56,2026091855,莫野,0,20,0,30
56,2026091855,叶织,20,30,20,0
56,2026091855,纪空,10,0,30,10
57,2026091856,林序,0,10,0,10
57,2026091856,蓝汐,20,20,20,0
57,2026091856,莫野,0,0,30,30
57,2026091856,叶织,0,0,0,20
57,2026091856,纪空,30,30,10,0
58,2026091857,林序,10,0,0,0
58,2026091857,蓝汐,0,0,20,0
58,2026091857,莫野,20,30,0,0
58,2026091857,叶织,0,10,30,30
58,2026091857,纪空,30,20,10,0
59,2026091858,林序,20,20,10,0
59,2026091858,蓝汐,0,10,0,20
59,2026091858,莫野,30,0,20,0
59,2026091858,叶织,10,0,0,30
59,2026091858,纪空,0,30,30,10
60,2026091859,林序,20,20,10,0
60,2026091859,蓝汐,10,0,0,30
60,2026091859,莫野,30,10,20,0
60,2026091859,叶织,0,30,30,20
60,2026091859,纪空,0,0,0,0
61,2026091860,林序,0,0,0,0
61,2026091860,蓝汐,0,0,0,30
61,2026091860,莫野,20,10,20,0
61,2026091860,叶织,0,30,30,20
61,2026091860,纪空,30,20,10,0
62,2026091861,林序,30,20,10,0
62,2026091861,蓝汐,0,0,0,0
62,2026091861,莫野,20,0,30,20
62,2026091861,叶织,0,30,20,10
62,2026091861,纪空,10,10,0,30
63,2026091862,林序,20,20,0,20
63,2026091862,蓝汐,30,10,20,0
63,2026091862,莫野,10,30,10,0
63,2026091862,叶织,0,0,0,10
63,2026091862,纪空,0,0,30,30
64,2026091863,林序,20,20,0,0
64,2026091863,蓝汐,10,10,0,0
64,2026091863,莫野,0,0,20,20
64,2026091863,叶织,0,0,30,30
64,2026091863,纪空,30,30,10,0
65,2026091864,林序,0,0,0,20
65,2026091864,蓝汐,30,20,10,10
65,2026091864,莫野,0,0,0,0
65,2026091864,叶织,20,30,20,0
65,2026091864,纪空,10,10,30,30
66,2026091865,林序,20,10,10,0
66,2026091865,蓝汐,0,0,0,0
66,2026091865,莫野,10,0,0,30
66,2026091865,叶织,0,30,30,20
66,2026091865,纪空,30,20,20,10
67,2026091866,林序,30,20,0,0
67,2026091866,蓝汐,0,30,30,10
67,2026091866,莫野,20,10,20,0
67,2026091866,叶织,0,0,10,20
67,2026091866,纪空,10,0,0,30
68,2026091867,林序,0,20,0,20
68,2026091867,蓝汐,10,10,20,0
68,2026091867,莫野,0,0,10,10
68,2026091867,叶织,20,30,30,0
68,2026091867,纪空,30,0,0,30
69,2026091868,林序,20,10,20,0
69,2026091868,蓝汐,0,0,10,20
69,2026091868,莫野,10,0,30,0
69,2026091868,叶织,0,20,0,30
69,2026091868,纪空,30,30,0,10
70,2026091869,林序,30,20,0,10
70,2026091869,蓝汐,10,0,30,20
70,2026091869,莫野,20,0,0,30
70,2026091869,叶织,0,30,20,0
70,2026091869,纪空,0,10,10,0
71,2026091870,林序,20,20,0,0
71,2026091870,蓝汐,30,30,10,0
71,2026091870,莫野,10,10,30,20
71,2026091870,叶织,0,0,0,0
71,2026091870,纪空,0,0,20,30
72,2026091871,林序,20,0,10,0
72,2026091871,蓝汐,10,20,30,20
72,2026091871,莫野,30,10,0,0
72,2026091871,叶织,0,30,0,10
72,2026091871,纪空,0,0,20,30
73,2026091872,林序,20,30,0,20
73,2026091872,蓝汐,10,20,20,0
73,2026091872,莫野,0,0,0,10
73,2026091872,叶织,30,10,10,0
73,2026091872,纪空,0,0,30,30
74,2026091873,林序,0,0,30,30
74,2026091873,蓝汐,30,20,10,0
74,2026091873,莫野,0,0,0,0
74,2026091873,叶织,20,30,20,0
74,2026091873,纪空,10,10,0,20
75,2026091874,林序,0,0,0,20
75,2026091874,蓝汐,0,0,10,30
75,2026091874,莫野,20,20,0,10
75,2026091874,叶织,30,10,30,0
75,2026091874,纪空,10,30,20,0
76,2026091875,林序,10,30,20,10
76,2026091875,蓝汐,0,0,10,0
76,2026091875,莫野,0,0,0,30
76,2026091875,叶织,20,10,0,20
76,2026091875,纪空,30,20,30,0
77,2026091876,林序,30,20,0,0
77,2026091876,蓝汐,0,30,10,20
77,2026091876,莫野,20,0,0,0
77,2026091876,叶织,0,10,20,30
77,2026091876,纪空,10,0,30,10
78,2026091877,林序,0,20,0,20
78,2026091877,蓝汐,30,30,0,0
78,2026091877,莫野,0,10,20,0
78,2026091877,叶织,10,0,30,30
78,2026091877,纪空,20,0,10,10
79,2026091878,林序,10,10,20,0
79,2026091878,蓝汐,0,0,0,0
79,2026091878,莫野,20,0,30,10
79,2026091878,叶织,30,20,0,20
79,2026091878,纪空,0,30,10,30
80,2026091879,林序,20,10,0,0
80,2026091879,蓝汐,10,20,10,0
80,2026091879,莫野,0,30,30,20
80,2026091879,叶织,30,0,20,10
80,2026091879,纪空,0,0,0,30
81,2026091880,林序,20,10,10,20
81,2026091880,蓝汐,0,0,0,30
81,2026091880,莫野,0,0,0,0
81,2026091880,叶织,0,20,20,10
81,2026091880,纪空,30,30,30,0
82,2026091881,林序,10,20,10,0
82,2026091881,蓝汐,0,0,20,0
82,2026091881,莫野,30,30,0,20
82,2026091881,叶织,20,0,30,10
82,2026091881,纪空,0,10,0,30
83,2026091882,林序,0,0,0,0
83,2026091882,蓝汐,20,20,20,0
83,2026091882,莫野,0,0,10,30
83,2026091882,叶织,10,30,30,10
83,2026091882,纪空,30,10,0,20
84,2026091883,林序,0,30,0,20
84,2026091883,蓝汐,0,0,20,0
84,2026091883,莫野,20,10,10,10
84,2026091883,叶织,10,0,0,30
84,2026091883,纪空,30,20,30,0
85,2026091884,林序,20,20,0,0
85,2026091884,蓝汐,0,30,20,10
85,2026091884,莫野,10,0,10,30
85,2026091884,叶织,0,0,0,20
85,2026091884,纪空,30,10,30,0
86,2026091885,林序,10,0,0,20
86,2026091885,蓝汐,20,10,20,0
86,2026091885,莫野,0,30,10,10
86,2026091885,叶织,30,20,30,0
86,2026091885,纪空,0,0,0,30
87,2026091886,林序,10,0,20,20
87,2026091886,蓝汐,20,0,10,0
87,2026091886,莫野,0,30,0,30
87,2026091886,叶织,0,20,0,10
87,2026091886,纪空,30,10,30,0
88,2026091887,林序,20,10,20,0
88,2026091887,蓝汐,30,20,0,0
88,2026091887,莫野,0,30,30,20
88,2026091887,叶织,0,0,0,30
88,2026091887,纪空,10,0,10,10
89,2026091888,林序,0,0,20,20
89,2026091888,蓝汐,20,20,10,0
89,2026091888,莫野,10,0,0,10
89,2026091888,叶织,0,30,30,30
89,2026091888,纪空,30,10,0,0
90,2026091889,林序,0,0,0,0
90,2026091889,蓝汐,10,30,20,0
90,2026091889,莫野,20,20,10,0
90,2026091889,叶织,0,0,0,30
90,2026091889,纪空,30,10,30,0
91,2026091890,林序,0,0,20,10
91,2026091890,蓝汐,20,10,0,20
91,2026091890,莫野,30,30,10,0
91,2026091890,叶织,10,20,30,0
91,2026091890,纪空,0,0,0,30
92,2026091891,林序,0,30,10,10
92,2026091891,蓝汐,0,0,0,0
92,2026091891,莫野,20,0,0,30
92,2026091891,叶织,0,20,20,20
92,2026091891,纪空,30,10,30,0
93,2026091892,林序,0,30,30,0
93,2026091892,蓝汐,10,0,0,30
93,2026091892,莫野,0,0,0,0
93,2026091892,叶织,20,10,20,20
93,2026091892,纪空,30,20,10,10
94,2026091893,林序,0,0,10,20
94,2026091893,蓝汐,10,30,0,30
94,2026091893,莫野,0,0,0,10
94,2026091893,叶织,30,20,20,0
94,2026091893,纪空,20,10,30,0
95,2026091894,林序,0,30,0,10
95,2026091894,蓝汐,30,20,10,0
95,2026091894,莫野,0,10,20,20
95,2026091894,叶织,0,0,0,0
95,2026091894,纪空,20,0,30,30
96,2026091895,林序,0,20,0,20
96,2026091895,蓝汐,20,0,10,10
96,2026091895,莫野,0,0,0,0
96,2026091895,叶织,30,10,30,0
96,2026091895,纪空,10,30,20,30
97,2026091896,林序,0,20,0,20
97,2026091896,蓝汐,0,0,20,10
97,2026091896,莫野,20,0,0,30
97,2026091896,叶织,30,10,10,0
97,2026091896,纪空,10,30,30,0
98,2026091897,林序,20,10,10,0
98,2026091897,蓝汐,30,20,0,10
98,2026091897,莫野,0,0,30,30
98,2026091897,叶织,0,30,20,20
98,2026091897,纪空,10,0,0,0
99,2026091898,林序,20,20,0,0
99,2026091898,蓝汐,0,0,30,20
99,2026091898,莫野,10,10,20,0
99,2026091898,叶织,30,30,10,10
99,2026091898,纪空,0,0,0,30
100,2026091899,林序,0,0,20,30
100,2026091899,蓝汐,10,10,0,0
100,2026091899,莫野,0,0,0,20
100,2026091899,叶织,30,20,10,0
100,2026091899,纪空,20,30,30,10
101,2026091900,林序,0,30,30,10
101,2026091900,蓝汐,20,0,0,20
101,2026091900,莫野,30,20,10,0
101,2026091900,叶织,0,10,20,30
101,2026091900,纪空,10,0,0,0
102,2026091901,林序,20,0,0,30
102,2026091901,蓝汐,30,10,20,0
102,2026091901,莫野,0,0,0,20
102,2026091901,叶织,10,20,10,0
102,2026091901,纪空,0,30,30,10
103,2026091902,林序,20,10,30,10
103,2026091902,蓝汐,10,30,20,0
103,2026091902,莫野,0,0,0,0
103,2026091902,叶织,0,0,10,30
103,2026091902,纪空,30,20,0,20
104,2026091903,林序,0,30,20,0
104,2026091903,蓝汐,20,10,30,0
104,2026091903,莫野,10,0,0,20
104,2026091903,叶织,0,0,0,30
104,2026091903,纪空,30,20,10,10
105,2026091904,林序,0,0,0,0
105,2026091904,蓝汐,10,0,20,0
105,2026091904,莫野,20,20,0,20
105,2026091904,叶织,30,10,10,0
105,2026091904,纪空,0,30,30,30
106,2026091905,林序,20,10,0,30
106,2026091905,蓝汐,0,30,20,10
106,2026091905,莫野,0,0,0,20
106,2026091905,叶织,30,20,10,0
106,2026091905,纪空,10,0,30,0
107,2026091906,林序,20,30,0,0
107,2026091906,蓝汐,30,10,10,0
107,2026091906,莫野,0,20,0,0
107,2026091906,叶织,10,0,30,20
107,2026091906,纪空,0,0,20,30
108,2026091907,林序,30,10,20,10
108,2026091907,蓝汐,0,0,0,30
108,2026091907,莫野,0,30,30,0
108,2026091907,叶织,20,20,10,0
108,2026091907,纪空,10,0,0,20
109,2026091908,林序,0,0,0,30
109,2026091908,蓝汐,0,10,0,20
109,2026091908,莫野,30,0,20,10
109,2026091908,叶织,10,30,10,0
109,2026091908,纪空,20,20,30,0
110,2026091909,林序,0,0,0,30
110,2026091909,蓝汐,30,20,0,0
110,2026091909,莫野,0,0,30,20
110,2026091909,叶织,0,30,20,10
110,2026091909,纪空,20,10,10,0
111,2026091910,林序,20,0,20,10
111,2026091910,蓝汐,30,20,0,0
111,2026091910,莫野,0,0,0,0
111,2026091910,叶织,0,10,10,30
111,2026091910,纪空,10,30,30,20
112,2026091911,林序,10,10,0,20
112,2026091911,蓝汐,0,0,0,10
112,2026091911,莫野,20,0,10,0
112,2026091911,叶织,30,30,30,0
112,2026091911,纪空,0,20,20,30
113,2026091912,林序,10,0,20,0
113,2026091912,蓝汐,20,30,10,0
113,2026091912,莫野,30,20,0,30
113,2026091912,叶织,0,10,30,20
113,2026091912,纪空,0,0,0,10
114,2026091913,林序,0,0,20,30
114,2026091913,蓝汐,30,20,0,0
114,2026091913,莫野,0,0,10,20
114,2026091913,叶织,0,30,0,0
114,2026091913,纪空,20,10,30,10
115,2026091914,林序,20,30,10,0
115,2026091914,蓝汐,10,10,30,10
115,2026091914,莫野,0,0,0,20
115,2026091914,叶织,30,20,20,0
115,2026091914,纪空,0,0,0,30
116,2026091915,林序,0,20,0,10
116,2026091915,蓝汐,30,0,20,20
116,2026091915,莫野,10,30,30,0
116,2026091915,叶织,0,10,0,0
116,2026091915,纪空,20,0,10,30
117,2026091916,林序,0,0,0,30
117,2026091916,蓝汐,20,10,20,0
117,2026091916,莫野,10,20,10,20
117,2026091916,叶织,0,0,0,10
117,2026091916,纪空,30,30,30,0
118,2026091917,林序,0,30,20,20
118,2026091917,蓝汐,30,20,10,0
118,2026091917,莫野,20,0,0,0
118,2026091917,叶织,0,0,30,30
118,2026091917,纪空,10,10,0,0
119,2026091918,林序,20,10,20,20
119,2026091918,蓝汐,30,30,10,0
119,2026091918,莫野,10,20,30,10
119,2026091918,叶织,0,0,0,30
119,2026091918,纪空,0,0,0,0
120,2026091919,林序,0,0,30,20
120,2026091919,蓝汐,20,20,10,0
120,2026091919,莫野,0,0,0,30
120,2026091919,叶织,10,10,0,10
120,2026091919,纪空,30,30,20,0
121,2026091920,林序,0,0,0,20
121,2026091920,蓝汐,20,20,20,0
121,2026091920,莫野,10,0,30,10
121,2026091920,叶织,30,30,10,0
121,2026091920,纪空,0,10,0,30
122,2026091921,林序,20,10,0,0
122,2026091921,蓝汐,10,30,20,0
122,2026091921,莫野,0,0,10,20
122,2026091921,叶织,30,20,0,10
122,2026091921,纪空,0,0,30,30
123,2026091922,林序,20,0,20,20
123,2026091922,蓝汐,10,0,0,10
123,2026091922,莫野,0,10,10,0
123,2026091922,叶织,30,30,30,0
123,2026091922,纪空,0,20,0,30
124,2026091923,林序,10,20,0,20
124,2026091923,蓝汐,0,0,30,10
124,2026091923,莫野,0,0,0,30
124,2026091923,叶织,20,30,20,0
124,2026091923,纪空,30,10,10,0
125,2026091924,林序,0,0,20,20
125,2026091924,蓝汐,30,10,0,0
125,2026091924,莫野,0,20,0,30
125,2026091924,叶织,0,0,10,0
125,2026091924,纪空,20,30,30,10
126,2026091925,林序,0,0,30,20
126,2026091925,蓝汐,20,20,20,0
126,2026091925,莫野,30,10,0,0
126,2026091925,叶织,0,0,0,30
126,2026091925,纪空,10,30,10,10
127,2026091926,林序,0,0,0,0
127,2026091926,蓝汐,10,0,20,30
127,2026091926,莫野,0,20,30,10
127,2026091926,叶织,30,10,10,0
127,2026091926,纪空,20,30,0,20
128,2026091927,林序,30,20,10,0
128,2026091927,蓝汐,10,30,20,10
128,2026091927,莫野,0,0,0,20
128,2026091927,叶织,0,0,0,0
128,2026091927,纪空,20,0,30,30
129,2026091928,林序,20,20,20,0
129,2026091928,蓝汐,0,0,0,30
129,2026091928,莫野,0,30,10,20
129,2026091928,叶织,10,0,0,0
129,2026091928,纪空,30,10,30,10
130,2026091929,林序,0,0,0,10
130,2026091929,蓝汐,0,20,20,30
130,2026091929,莫野,10,0,0,20
130,2026091929,叶织,30,10,10,0
130,2026091929,纪空,20,30,30,0
131,2026091930,林序,20,10,20,0
131,2026091930,蓝汐,30,30,10,0
131,2026091930,莫野,0,0,0,10
131,2026091930,叶织,0,20,30,20
131,2026091930,纪空,10,0,0,30
132,2026091931,林序,0,10,30,20
132,2026091931,蓝汐,0,0,0,30
132,2026091931,莫野,0,0,0,0
132,2026091931,叶织,20,30,20,10
132,2026091931,纪空,30,20,10,0
133,2026091932,林序,0,30,20,10
133,2026091932,蓝汐,0,0,0,30
133,2026091932,莫野,20,0,30,0
133,2026091932,叶织,10,20,0,0
133,2026091932,纪空,30,10,10,20
134,2026091933,林序,0,0,0,10
134,2026091933,蓝汐,20,20,20,0
134,2026091933,莫野,10,0,0,30
134,2026091933,叶织,30,10,10,0
134,2026091933,纪空,0,30,30,20
135,2026091934,林序,0,20,20,10
135,2026091934,蓝汐,20,30,10,0
135,2026091934,莫野,0,0,0,20
135,2026091934,叶织,10,0,0,30
135,2026091934,纪空,30,10,30,0
136,2026091935,林序,30,10,20,0
136,2026091935,蓝汐,20,20,10,20
136,2026091935,莫野,10,30,30,10
136,2026091935,叶织,0,0,0,0
136,2026091935,纪空,0,0,0,30
137,2026091936,林序,10,0,0,0
137,2026091936,蓝汐,0,20,10,20
137,2026091936,莫野,0,0,0,30
137,2026091936,叶织,20,30,20,10
137,2026091936,纪空,30,10,30,0
138,2026091937,林序,10,0,30,10
138,2026091937,蓝汐,30,20,10,0
138,2026091937,莫野,0,30,20,30
138,2026091937,叶织,20,10,0,0
138,2026091937,纪空,0,0,0,20
139,2026091938,林序,0,0,30,20
139,2026091938,蓝汐,20,10,20,10
139,2026091938,莫野,30,30,10,0
139,2026091938,叶织,10,0,0,30
139,2026091938,纪空,0,20,0,0
140,2026091939,林序,20,20,20,0
140,2026091939,蓝汐,0,0,0,30
140,2026091939,莫野,30,10,10,0
140,2026091939,叶织,10,30,30,20
140,2026091939,纪空,0,0,0,10
141,2026091940,林序,20,20,20,0
141,2026091940,蓝汐,0,30,0,30
141,2026091940,莫野,0,0,0,20
141,2026091940,叶织,10,0,10,0
141,2026091940,纪空,30,10,30,10
142,2026091941,林序,30,20,10,0
142,2026091941,蓝汐,20,10,20,0
142,2026091941,莫野,10,30,0,0
142,2026091941,叶织,0,0,0,30
142,2026091941,纪空,0,0,30,20
143,2026091942,林序,0,30,0,0
143,2026091942,蓝汐,0,0,0,0
143,2026091942,莫野,20,0,20,20
143,2026091942,叶织,30,10,10,0
143,2026091942,纪空,10,20,30,30
144,2026091943,林序,0,10,30,10
144,2026091943,蓝汐,30,20,10,0
144,2026091943,莫野,0,0,0,20
144,2026091943,叶织,0,0,0,30
144,2026091943,纪空,20,30,20,0
145,2026091944,林序,20,0,30,10
145,2026091944,蓝汐,0,0,0,20
145,2026091944,莫野,30,30,20,0
145,2026091944,叶织,0,20,10,30
145,2026091944,纪空,10,10,0,0
146,2026091945,林序,20,20,10,20
146,2026091945,蓝汐,0,0,0,10
146,2026091945,莫野,0,0,0,30
146,2026091945,叶织,10,30,20,0
146,2026091945,纪空,30,10,30,0
147,2026091946,林序,0,0,30,30
147,2026091946,蓝汐,0,0,0,20
147,2026091946,莫野,20,30,20,0
147,2026091946,叶织,30,20,10,10
147,2026091946,纪空,10,10,0,0
148,2026091947,林序,0,0,0,20
148,2026091947,蓝汐,30,20,20,0
148,2026091947,莫野,10,10,10,10
148,2026091947,叶织,20,30,30,0
148,2026091947,纪空,0,0,0,30
149,2026091948,林序,0,0,20,0
149,2026091948,蓝汐,30,20,10,0
149,2026091948,莫野,0,30,0,30
149,2026091948,叶织,20,0,30,20
149,2026091948,纪空,10,10,0,10
150,2026091949,林序,0,0,30,20
150,2026091949,蓝汐,20,20,0,0
150,2026091949,莫野,10,0,20,30
150,2026091949,叶织,30,30,10,0
150,2026091949,纪空,0,10,0,0
151,2026091950,林序,0,0,10,10
151,2026091950,蓝汐,0,20,30,0
151,2026091950,莫野,0,0,0,30
151,2026091950,叶织,20,10,20,0
151,2026091950,纪空,30,30,0,20
152,2026091951,林序,0,0,0,0
152,2026091951,蓝汐,30,10,0,20
152,2026091951,莫野,0,0,20,30
152,2026091951,叶织,20,20,10,0
152,2026091951,纪空,10,30,30,10
153,2026091952,林序,20,20,10,0
153,2026091952,蓝汐,10,0,20,20
153,2026091952,莫野,0,0,0,30
153,2026091952,叶织,30,30,30,0
153,2026091952,纪空,0,10,0,10
154,2026091953,林序,0,0,0,20
154,2026091953,蓝汐,30,10,10,10
154,2026091953,莫野,0,0,0,30
154,2026091953,叶织,20,20,20,0
154,2026091953,纪空,10,30,30,0
155,2026091954,林序,20,0,0,30
155,2026091954,蓝汐,0,30,30,20
155,2026091954,莫野,0,0,0,10
155,2026091954,叶织,30,20,20,0
155,2026091954,纪空,0,10,10,0
156,2026091955,林序,20,10,20,0
156,2026091955,蓝汐,0,0,0,0
156,2026091955,莫野,0,0,30,20
156,2026091955,叶织,0,20,10,30
156,2026091955,纪空,30,30,0,0
157,2026091956,林序,30,20,20,0
157,2026091956,蓝汐,10,30,10,0
157,2026091956,莫野,0,0,0,10
157,2026091956,叶织,20,0,30,30
157,2026091956,纪空,0,10,0,20
158,2026091957,林序,0,10,20,0
158,2026091957,蓝汐,0,0,0,20
158,2026091957,莫野,20,0,0,30
158,2026091957,叶织,10,30,30,10
158,2026091957,纪空,30,20,10,0
159,2026091958,林序,0,0,0,10
159,2026091958,蓝汐,0,0,0,30
159,2026091958,莫野,20,30,30,0
159,2026091958,叶织,10,20,20,20
159,2026091958,纪空,30,10,10,0
160,2026091959,林序,0,0,0,20
160,2026091959,蓝汐,0,10,0,30
160,2026091959,莫野,20,30,20,0
160,2026091959,叶织,10,0,30,10
160,2026091959,纪空,30,20,10,0
161,2026091960,林序,30,0,0,20
161,2026091960,蓝汐,0,20,20,10
161,2026091960,莫野,0,10,10,30
161,2026091960,叶织,20,30,30,0
161,2026091960,纪空,10,0,0,0
162,2026091961,林序,0,0,0,30
162,2026091961,蓝汐,0,0,0,0
162,2026091961,莫野,0,20,30,20
162,2026091961,叶织,20,30,20,0
162,2026091961,纪空,30,10,10,0
163,2026091962,林序,0,20,0,30
163,2026091962,蓝汐,30,0,30,0
163,2026091962,莫野,0,0,0,20
163,2026091962,叶织,0,10,20,0
163,2026091962,纪空,20,30,10,10
164,2026091963,林序,0,0,0,20
164,2026091963,蓝汐,0,20,10,10
164,2026091963,莫野,20,30,20,0
164,2026091963,叶织,30,10,0,0
164,2026091963,纪空,10,0,30,30
165,2026091964,林序,0,0,0,30
165,2026091964,蓝汐,30,10,20,0
165,2026091964,莫野,10,20,30,0
165,2026091964,叶织,0,0,0,20
165,2026091964,纪空,20,30,10,10
166,2026091965,林序,20,10,20,0
166,2026091965,蓝汐,0,0,0,30
166,2026091965,莫野,30,20,10,0
166,2026091965,叶织,10,30,30,20
166,2026091965,纪空,0,0,0,0
167,2026091966,林序,0,30,20,20
167,2026091966,蓝汐,0,0,0,30
167,2026091966,莫野,20,20,10,0
167,2026091966,叶织,30,10,30,10
167,2026091966,纪空,10,0,0,0
168,2026091967,林序,0,0,30,20
168,2026091967,蓝汐,20,30,0,0
168,2026091967,莫野,10,10,20,10
168,2026091967,叶织,0,0,0,30
168,2026091967,纪空,30,20,10,0
169,2026091968,林序,0,30,30,0
169,2026091968,蓝汐,20,10,20,0
169,2026091968,莫野,10,0,0,20
169,2026091968,叶织,0,0,0,30
169,2026091968,纪空,30,20,10,10
170,2026091969,林序,0,0,30,20
170,2026091969,蓝汐,20,30,10,0
170,2026091969,莫野,10,10,0,0
170,2026091969,叶织,0,0,0,30
170,2026091969,纪空,30,20,20,10
171,2026091970,林序,0,0,20,30
171,2026091970,蓝汐,30,30,10,20
171,2026091970,莫野,0,0,0,0
171,2026091970,叶织,20,20,30,0
171,2026091970,纪空,10,10,0,10
172,2026091971,林序,0,0,30,20
172,2026091971,蓝汐,20,30,20,0
172,2026091971,莫野,10,0,10,0
172,2026091971,叶织,30,20,0,10
172,2026091971,纪空,0,10,0,30
173,2026091972,林序,10,20,20,20
173,2026091972,蓝汐,0,0,0,0
173,2026091972,莫野,20,0,0,10
173,2026091972,叶织,30,30,30,0
173,2026091972,纪空,0,10,0,30
174,2026091973,林序,30,20,10,0
174,2026091973,蓝汐,0,30,30,10
174,2026091973,莫野,10,0,20,20
174,2026091973,叶织,20,10,0,0
174,2026091973,纪空,0,0,0,30
175,2026091974,林序,0,0,0,20
175,2026091974,蓝汐,0,0,0,30
175,2026091974,莫野,30,20,20,0
175,2026091974,叶织,20,10,30,0
175,2026091974,纪空,10,30,10,10
176,2026091975,林序,0,0,0,30
176,2026091975,蓝汐,0,0,0,20
176,2026091975,莫野,20,20,20,10
176,2026091975,叶织,10,30,10,0
176,2026091975,纪空,30,10,30,0
177,2026091976,林序,0,0,0,20
177,2026091976,蓝汐,20,20,30,0
177,2026091976,莫野,0,0,0,30
177,2026091976,叶织,30,10,0,0
177,2026091976,纪空,0,30,20,10
178,2026091977,林序,10,0,30,10
178,2026091977,蓝汐,30,20,20,0
178,2026091977,莫野,0,10,0,30
178,2026091977,叶织,0,0,0,20
178,2026091977,纪空,20,30,10,0
179,2026091978,林序,0,0,0,20
179,2026091978,蓝汐,0,0,0,30
179,2026091978,莫野,20,10,30,0
179,2026091978,叶织,30,20,20,0
179,2026091978,纪空,10,30,10,10
180,2026091979,林序,0,10,0,0
180,2026091979,蓝汐,20,0,0,0
180,2026091979,莫野,10,20,20,0
180,2026091979,叶织,0,0,30,30
180,2026091979,纪空,30,30,10,20
181,2026091980,林序,0,0,30,30
181,2026091980,蓝汐,30,20,0,0
181,2026091980,莫野,20,10,20,10
181,2026091980,叶织,10,0,0,0
181,2026091980,纪空,0,30,10,20
182,2026091981,林序,0,0,0,30
182,2026091981,蓝汐,0,0,20,20
182,2026091981,莫野,30,20,10,10
182,2026091981,叶织,20,10,30,0
182,2026091981,纪空,10,30,0,0
183,2026091982,林序,0,30,30,0
183,2026091982,蓝汐,0,0,0,20
183,2026091982,莫野,20,0,0,30
183,2026091982,叶织,10,20,20,10
183,2026091982,纪空,30,10,10,0
184,2026091983,林序,20,10,0,10
184,2026091983,蓝汐,10,0,0,20
184,2026091983,莫野,0,0,0,0
184,2026091983,叶织,30,20,30,0
184,2026091983,纪空,0,30,20,30
185,2026091984,林序,0,20,10,20
185,2026091984,蓝汐,10,0,0,0
185,2026091984,莫野,30,10,0,10
185,2026091984,叶织,20,30,20,0
185,2026091984,纪空,0,0,30,30
186,2026091985,林序,20,0,0,0
186,2026091985,蓝汐,0,0,0,30
186,2026091985,莫野,0,30,20,20
186,2026091985,叶织,30,20,10,0
186,2026091985,纪空,10,10,30,10
187,2026091986,林序,0,30,10,20
187,2026091986,蓝汐,30,0,0,30
187,2026091986,莫野,10,20,20,0
187,2026091986,叶织,0,0,0,10
187,2026091986,纪空,20,10,30,0
188,2026091987,林序,20,30,0,10
188,2026091987,蓝汐,10,0,0,20
188,2026091987,莫野,0,0,20,0
188,2026091987,叶织,0,20,30,30
188,2026091987,纪空,30,10,10,0
189,2026091988,林序,10,0,30,0
189,2026091988,蓝汐,30,30,10,0
189,2026091988,莫野,0,0,0,10
189,2026091988,叶织,20,20,0,20
189,2026091988,纪空,0,10,20,30
190,2026091989,林序,10,0,0,0
190,2026091989,蓝汐,0,0,20,0
190,2026091989,莫野,0,30,10,20
190,2026091989,叶织,20,20,30,10
190,2026091989,纪空,30,10,0,30
191,2026091990,林序,20,30,0,0
191,2026091990,蓝汐,0,10,20,10
191,2026091990,莫野,10,0,30,20
191,2026091990,叶织,30,20,10,0
191,2026091990,纪空,0,0,0,30
192,2026091991,林序,20,30,10,0
192,2026091991,蓝汐,0,0,30,20
192,2026091991,莫野,0,0,0,0
192,2026091991,叶织,10,0,0,30
192,2026091991,纪空,30,20,20,10
193,2026091992,林序,20,10,10,20
193,2026091992,蓝汐,0,0,0,0
193,2026091992,莫野,0,0,0,30
193,2026091992,叶织,30,20,30,0
193,2026091992,纪空,10,30,20,10
194,2026091993,林序,20,20,20,10
194,2026091993,蓝汐,0,0,0,0
194,2026091993,莫野,10,0,0,20
194,2026091993,叶织,30,30,10,0
194,2026091993,纪空,0,10,30,30
195,2026091994,林序,0,10,20,20
195,2026091994,蓝汐,10,0,0,30
195,2026091994,莫野,0,0,0,10
195,2026091994,叶织,30,30,10,0
195,2026091994,纪空,20,20,30,0
196,2026091995,林序,20,30,10,0
196,2026091995,蓝汐,0,20,30,20
196,2026091995,莫野,10,0,0,0
196,2026091995,叶织,30,10,20,10
196,2026091995,纪空,0,0,0,30
197,2026091996,林序,20,10,20,20
197,2026091996,蓝汐,10,30,10,0
197,2026091996,莫野,0,0,0,10
197,2026091996,叶织,0,0,0,30
197,2026091996,纪空,30,20,30,0
198,2026091997,林序,20,20,0,10
198,2026091997,蓝汐,0,0,0,0
198,2026091997,莫野,0,0,20,30
198,2026091997,叶织,10,30,30,0
198,2026091997,纪空,30,10,10,20
199,2026091998,林序,30,30,10,0
199,2026091998,蓝汐,10,10,20,10
199,2026091998,莫野,0,0,0,0
199,2026091998,叶织,0,20,0,30
199,2026091998,纪空,20,0,30,20
200,2026091999,林序,0,20,10,10
200,2026091999,蓝汐,0,0,0,30
200,2026091999,莫野,10,0,0,20
200,2026091999,叶织,30,10,20,0
200,2026091999,纪空,20,30,30,0